"filename", "language", "JSON", "JavaScript", "HTML", "TypeScript", "SCSS", "comment", "blank", "total"
"e:\Z Pulpitu\Dokumenty\SZKOŁA\Aplikacje klienckie\Mendela\2021 - 2022\(2021.11.15) Projekt końcowo roczny\River Raid\dist\index.html", "HTML", 0, 0, 14, 0, 0, 0, 5, 19
"e:\Z Pulpitu\Dokumenty\SZKOŁA\Aplikacje klienckie\Mendela\2021 - 2022\(2021.11.15) Projekt końcowo roczny\River Raid\dist\main.js", "JavaScript", 0, 2798, 0, 0, 0, 510, 543, 3851
"e:\Z Pulpitu\Dokumenty\SZKOŁA\Aplikacje klienckie\Mendela\2021 - 2022\(2021.11.15) Projekt końcowo roczny\River Raid\package-lock.json", "JSON", 10642, 0, 0, 0, 0, 0, 1, 10643
"e:\Z Pulpitu\Dokumenty\SZKOŁA\Aplikacje klienckie\Mendela\2021 - 2022\(2021.11.15) Projekt końcowo roczny\River Raid\package.json", "JSON", 31, 0, 0, 0, 0, 0, 1, 32
"e:\Z Pulpitu\Dokumenty\SZKOŁA\Aplikacje klienckie\Mendela\2021 - 2022\(2021.11.15) Projekt końcowo roczny\River Raid\src\components\Main.ts", "TypeScript", 0, 0, 0, 181, 0, 28, 70, 279
"e:\Z Pulpitu\Dokumenty\SZKOŁA\Aplikacje klienckie\Mendela\2021 - 2022\(2021.11.15) Projekt końcowo roczny\River Raid\src\components\modules\GameConfig.ts", "TypeScript", 0, 0, 0, 3, 0, 0, 0, 3
"e:\Z Pulpitu\Dokumenty\SZKOŁA\Aplikacje klienckie\Mendela\2021 - 2022\(2021.11.15) Projekt końcowo roczny\River Raid\src\components\modules\KeyboardManager.ts", "TypeScript", 0, 0, 0, 34, 0, 0, 7, 41
"e:\Z Pulpitu\Dokumenty\SZKOŁA\Aplikacje klienckie\Mendela\2021 - 2022\(2021.11.15) Projekt końcowo roczny\River Raid\src\components\modules\LoadAllAudio.ts", "TypeScript", 0, 0, 0, 36, 0, 0, 14, 50
"e:\Z Pulpitu\Dokumenty\SZKOŁA\Aplikacje klienckie\Mendela\2021 - 2022\(2021.11.15) Projekt końcowo roczny\River Raid\src\components\modules\constants\Levels\level1.ts", "TypeScript", 0, 0, 0, 145, 0, 28, 21, 194
"e:\Z Pulpitu\Dokumenty\SZKOŁA\Aplikacje klienckie\Mendela\2021 - 2022\(2021.11.15) Projekt końcowo roczny\River Raid\src\components\modules\constants\Levels\level2.ts", "TypeScript", 0, 0, 0, 124, 0, 22, 19, 165
"e:\Z Pulpitu\Dokumenty\SZKOŁA\Aplikacje klienckie\Mendela\2021 - 2022\(2021.11.15) Projekt końcowo roczny\River Raid\src\components\modules\constants\Levels\levelInt.d.ts", "TypeScript", 0, 0, 0, 50, 0, 4, 10, 64
"e:\Z Pulpitu\Dokumenty\SZKOŁA\Aplikacje klienckie\Mendela\2021 - 2022\(2021.11.15) Projekt końcowo roczny\River Raid\src\components\modules\constants\mapInfo.ts", "TypeScript", 0, 0, 0, 4, 0, 0, 0, 4
"e:\Z Pulpitu\Dokumenty\SZKOŁA\Aplikacje klienckie\Mendela\2021 - 2022\(2021.11.15) Projekt końcowo roczny\River Raid\src\components\modules\loadAllImages.ts", "TypeScript", 0, 0, 0, 138, 0, 15, 13, 166
"e:\Z Pulpitu\Dokumenty\SZKOŁA\Aplikacje klienckie\Mendela\2021 - 2022\(2021.11.15) Projekt końcowo roczny\River Raid\src\components\modules\mapElements\BlackFloor.ts", "TypeScript", 0, 0, 0, 27, 0, 0, 4, 31
"e:\Z Pulpitu\Dokumenty\SZKOŁA\Aplikacje klienckie\Mendela\2021 - 2022\(2021.11.15) Projekt końcowo roczny\River Raid\src\components\modules\mapElements\Block.ts", "TypeScript", 0, 0, 0, 25, 0, 0, 4, 29
"e:\Z Pulpitu\Dokumenty\SZKOŁA\Aplikacje klienckie\Mendela\2021 - 2022\(2021.11.15) Projekt końcowo roczny\River Raid\src\components\modules\mapElements\Bridge.ts", "TypeScript", 0, 0, 0, 49, 0, 0, 12, 61
"e:\Z Pulpitu\Dokumenty\SZKOŁA\Aplikacje klienckie\Mendela\2021 - 2022\(2021.11.15) Projekt końcowo roczny\River Raid\src\components\modules\mapElements\Bullet.ts", "TypeScript", 0, 0, 0, 58, 0, 0, 12, 70
"e:\Z Pulpitu\Dokumenty\SZKOŁA\Aplikacje klienckie\Mendela\2021 - 2022\(2021.11.15) Projekt końcowo roczny\River Raid\src\components\modules\mapElements\Enemy.ts", "TypeScript", 0, 0, 0, 38, 0, 1, 13, 52
"e:\Z Pulpitu\Dokumenty\SZKOŁA\Aplikacje klienckie\Mendela\2021 - 2022\(2021.11.15) Projekt końcowo roczny\River Raid\src\components\modules\mapElements\Fuel.ts", "TypeScript", 0, 0, 0, 19, 0, 0, 2, 21
"e:\Z Pulpitu\Dokumenty\SZKOŁA\Aplikacje klienckie\Mendela\2021 - 2022\(2021.11.15) Projekt końcowo roczny\River Raid\src\components\modules\mapElements\Player.ts", "TypeScript", 0, 0, 0, 163, 0, 15, 47, 225
"e:\Z Pulpitu\Dokumenty\SZKOŁA\Aplikacje klienckie\Mendela\2021 - 2022\(2021.11.15) Projekt końcowo roczny\River Raid\src\components\modules\mapElements\ScoreBoard.ts", "TypeScript", 0, 0, 0, 142, 0, 34, 40, 216
"e:\Z Pulpitu\Dokumenty\SZKOŁA\Aplikacje klienckie\Mendela\2021 - 2022\(2021.11.15) Projekt końcowo roczny\River Raid\src\components\modules\mapElements\destroyAnimation.ts", "TypeScript", 0, 0, 0, 48, 0, 0, 18, 66
"e:\Z Pulpitu\Dokumenty\SZKOŁA\Aplikacje klienckie\Mendela\2021 - 2022\(2021.11.15) Projekt końcowo roczny\River Raid\src\components\modules\mapElements\enemies\Ballon.ts", "TypeScript", 0, 0, 0, 26, 0, 0, 9, 35
"e:\Z Pulpitu\Dokumenty\SZKOŁA\Aplikacje klienckie\Mendela\2021 - 2022\(2021.11.15) Projekt końcowo roczny\River Raid\src\components\modules\mapElements\enemies\FighterPlane.ts", "TypeScript", 0, 0, 0, 27, 0, 4, 7, 38
"e:\Z Pulpitu\Dokumenty\SZKOŁA\Aplikacje klienckie\Mendela\2021 - 2022\(2021.11.15) Projekt końcowo roczny\River Raid\src\components\modules\mapElements\enemies\Helicopter.ts", "TypeScript", 0, 0, 0, 73, 0, 7, 18, 98
"e:\Z Pulpitu\Dokumenty\SZKOŁA\Aplikacje klienckie\Mendela\2021 - 2022\(2021.11.15) Projekt końcowo roczny\River Raid\src\components\modules\mapElements\enemies\Ship.ts", "TypeScript", 0, 0, 0, 42, 0, 3, 15, 60
"e:\Z Pulpitu\Dokumenty\SZKOŁA\Aplikacje klienckie\Mendela\2021 - 2022\(2021.11.15) Projekt końcowo roczny\River Raid\src\components\modules\mapElements\enemies\WTC.ts", "TypeScript", 0, 0, 0, 18, 0, 0, 6, 24
"e:\Z Pulpitu\Dokumenty\SZKOŁA\Aplikacje klienckie\Mendela\2021 - 2022\(2021.11.15) Projekt końcowo roczny\River Raid\src\components\modules\mapElements\enemies\fighterHelicopterBullet.ts", "TypeScript", 0, 0, 0, 59, 0, 1, 15, 75
"e:\Z Pulpitu\Dokumenty\SZKOŁA\Aplikacje klienckie\Mendela\2021 - 2022\(2021.11.15) Projekt końcowo roczny\River Raid\src\components\modules\mapElements\enemies\tank\Tank.ts", "TypeScript", 0, 0, 0, 93, 0, 19, 23, 135
"e:\Z Pulpitu\Dokumenty\SZKOŁA\Aplikacje klienckie\Mendela\2021 - 2022\(2021.11.15) Projekt końcowo roczny\River Raid\src\components\modules\mapElements\enemies\tank\TankBullet.ts", "TypeScript", 0, 0, 0, 90, 0, 10, 24, 124
"e:\Z Pulpitu\Dokumenty\SZKOŁA\Aplikacje klienckie\Mendela\2021 - 2022\(2021.11.15) Projekt końcowo roczny\River Raid\src\components\modules\test.ts", "TypeScript", 0, 0, 0, 0, 0, 0, 1, 1
"e:\Z Pulpitu\Dokumenty\SZKOŁA\Aplikacje klienckie\Mendela\2021 - 2022\(2021.11.15) Projekt końcowo roczny\River Raid\src\components\types\import.d.ts", "TypeScript", 0, 0, 0, 8, 0, 0, 1, 9
"e:\Z Pulpitu\Dokumenty\SZKOŁA\Aplikacje klienckie\Mendela\2021 - 2022\(2021.11.15) Projekt końcowo roczny\River Raid\src\components\utils\TwoJS\Camera.ts", "TypeScript", 0, 0, 0, 6, 0, 1, 1, 8
"e:\Z Pulpitu\Dokumenty\SZKOŁA\Aplikacje klienckie\Mendela\2021 - 2022\(2021.11.15) Projekt końcowo roczny\River Raid\src\components\utils\TwoJS\Image_Mesh.ts", "TypeScript", 0, 0, 0, 54, 0, 0, 16, 70
"e:\Z Pulpitu\Dokumenty\SZKOŁA\Aplikacje klienckie\Mendela\2021 - 2022\(2021.11.15) Projekt końcowo roczny\River Raid\src\components\utils\TwoJS\PolygonMesh.ts", "TypeScript", 0, 0, 0, 28, 0, 1, 6, 35
"e:\Z Pulpitu\Dokumenty\SZKOŁA\Aplikacje klienckie\Mendela\2021 - 2022\(2021.11.15) Projekt końcowo roczny\River Raid\src\components\utils\TwoJS\Renderer.ts", "TypeScript", 0, 0, 0, 71, 0, 7, 27, 105
"e:\Z Pulpitu\Dokumenty\SZKOŁA\Aplikacje klienckie\Mendela\2021 - 2022\(2021.11.15) Projekt końcowo roczny\River Raid\src\components\utils\TwoJS\Scene.ts", "TypeScript", 0, 0, 0, 11, 0, 1, 7, 19
"e:\Z Pulpitu\Dokumenty\SZKOŁA\Aplikacje klienckie\Mendela\2021 - 2022\(2021.11.15) Projekt końcowo roczny\River Raid\src\components\utils\TwoJS\Vector2.ts", "TypeScript", 0, 0, 0, 48, 0, 3, 15, 66
"e:\Z Pulpitu\Dokumenty\SZKOŁA\Aplikacje klienckie\Mendela\2021 - 2022\(2021.11.15) Projekt końcowo roczny\River Raid\src\components\utils\TwoJS\interfaces..d.ts", "TypeScript", 0, 0, 0, 24, 0, 9, 4, 37
"e:\Z Pulpitu\Dokumenty\SZKOŁA\Aplikacje klienckie\Mendela\2021 - 2022\(2021.11.15) Projekt końcowo roczny\River Raid\src\components\utils\TwoJS\raycaster\RayRaycaster.ts", "TypeScript", 0, 0, 0, 65, 0, 21, 43, 129
"e:\Z Pulpitu\Dokumenty\SZKOŁA\Aplikacje klienckie\Mendela\2021 - 2022\(2021.11.15) Projekt końcowo roczny\River Raid\src\components\utils\TwoJS\raycaster\circleSquareReycaster.ts", "TypeScript", 0, 0, 0, 44, 0, 17, 26, 87
"e:\Z Pulpitu\Dokumenty\SZKOŁA\Aplikacje klienckie\Mendela\2021 - 2022\(2021.11.15) Projekt końcowo roczny\River Raid\src\components\utils\TwoJS\raycaster\colorRaycaster.ts", "TypeScript", 0, 0, 0, 68, 0, 6, 30, 104
"e:\Z Pulpitu\Dokumenty\SZKOŁA\Aplikacje klienckie\Mendela\2021 - 2022\(2021.11.15) Projekt końcowo roczny\River Raid\src\components\utils\TwoJS\raycaster\squarePolygonReycaster.ts", "TypeScript", 0, 0, 0, 56, 0, 0, 14, 70
"e:\Z Pulpitu\Dokumenty\SZKOŁA\Aplikacje klienckie\Mendela\2021 - 2022\(2021.11.15) Projekt końcowo roczny\River Raid\src\components\utils\TwoJS\raycaster\squareSquareReycaster.ts", "TypeScript", 0, 0, 0, 18, 0, 0, 5, 23
"e:\Z Pulpitu\Dokumenty\SZKOŁA\Aplikacje klienckie\Mendela\2021 - 2022\(2021.11.15) Projekt końcowo roczny\River Raid\src\components\utils\audioLoader.ts", "TypeScript", 0, 0, 0, 9, 0, 0, 2, 11
"e:\Z Pulpitu\Dokumenty\SZKOŁA\Aplikacje klienckie\Mendela\2021 - 2022\(2021.11.15) Projekt końcowo roczny\River Raid\src\components\utils\extending.ts", "TypeScript", 0, 0, 0, 22, 0, 2, 2, 26
"e:\Z Pulpitu\Dokumenty\SZKOŁA\Aplikacje klienckie\Mendela\2021 - 2022\(2021.11.15) Projekt końcowo roczny\River Raid\src\components\utils\imgReverse.ts", "TypeScript", 0, 0, 0, 12, 0, 1, 5, 18
"e:\Z Pulpitu\Dokumenty\SZKOŁA\Aplikacje klienckie\Mendela\2021 - 2022\(2021.11.15) Projekt końcowo roczny\River Raid\src\components\utils\img_loader.ts", "TypeScript", 0, 0, 0, 9, 0, 0, 2, 11
"e:\Z Pulpitu\Dokumenty\SZKOŁA\Aplikacje klienckie\Mendela\2021 - 2022\(2021.11.15) Projekt końcowo roczny\River Raid\src\components\utils\inRange.ts", "TypeScript", 0, 0, 0, 4, 0, 6, 0, 10
"e:\Z Pulpitu\Dokumenty\SZKOŁA\Aplikacje klienckie\Mendela\2021 - 2022\(2021.11.15) Projekt końcowo roczny\River Raid\src\components\utils\useSleep.ts", "TypeScript", 0, 0, 0, 7, 0, 4, 0, 11
"e:\Z Pulpitu\Dokumenty\SZKOŁA\Aplikacje klienckie\Mendela\2021 - 2022\(2021.11.15) Projekt końcowo roczny\River Raid\src\index.html", "HTML", 0, 0, 14, 0, 0, 0, 5, 19
"e:\Z Pulpitu\Dokumenty\SZKOŁA\Aplikacje klienckie\Mendela\2021 - 2022\(2021.11.15) Projekt końcowo roczny\River Raid\src\index.ts", "TypeScript", 0, 0, 0, 8, 0, 2, 2, 12
"e:\Z Pulpitu\Dokumenty\SZKOŁA\Aplikacje klienckie\Mendela\2021 - 2022\(2021.11.15) Projekt końcowo roczny\River Raid\src\style.scss", "SCSS", 0, 0, 0, 0, 15, 0, 3, 18
"e:\Z Pulpitu\Dokumenty\SZKOŁA\Aplikacje klienckie\Mendela\2021 - 2022\(2021.11.15) Projekt końcowo roczny\River Raid\tsconfig.json", "JSON", 15, 0, 0, 0, 0, 45, 7, 67
"e:\Z Pulpitu\Dokumenty\SZKOŁA\Aplikacje klienckie\Mendela\2021 - 2022\(2021.11.15) Projekt końcowo roczny\River Raid\webpack.config.js", "JavaScript", 0, 71, 0, 0, 0, 2, 2, 75
"Total", "-", 10688, 2869, 28, 2284, 15, 829, 1199, 17912